"estado","columnas","total","digitos","min","max","genero"
1,"LISTA_18_HOMBRES",10375,"18","18","18",1
1,"LISTA_18_MUJERES",10650,"18","18","18",2
1,"LISTA_18_NOBINARIO",0,"18","18","18",9
1,"LISTA_19_HOMBRES",12829,"19","19","19",1
1,"LISTA_19_MUJERES",13040,"19","19","19",2
1,"LISTA_19_NOBINARIO",0,"19","19","19",9
1,"LISTA_20_24_HOMBRES",69434,"2024","20","24",1
1,"LISTA_20_24_MUJERES",68936,"2024","20","24",2
1,"LISTA_20_24_NOBINARIO",2,"2024","20","24",9
1,"LISTA_25_29_HOMBRES",66303,"2529","25","29",1
1,"LISTA_25_29_MUJERES",66157,"2529","25","29",2
1,"LISTA_25_29_NOBINARIO",0,"2529","25","29",9
1,"LISTA_30_34_HOMBRES",62079,"3034","30","34",1
1,"LISTA_30_34_MUJERES",63716,"3034","30","34",2
1,"LISTA_30_34_NOBINARIO",0,"3034","30","34",9
1,"LISTA_35_39_HOMBRES",53549,"3539","35","39",1
1,"LISTA_35_39_MUJERES",56242,"3539","35","39",2
1,"LISTA_35_39_NOBINARIO",1,"3539","35","39",9
1,"LISTA_40_44_HOMBRES",49631,"4044","40","44",1
1,"LISTA_40_44_MUJERES",52946,"4044","40","44",2
1,"LISTA_40_44_NOBINARIO",0,"4044","40","44",9
1,"LISTA_45_49_HOMBRES",45441,"4549","45","49",1
1,"LISTA_45_49_MUJERES",49623,"4549","45","49",2
1,"LISTA_45_49_NOBINARIO",0,"4549","45","49",9
1,"LISTA_50_54_HOMBRES",41427,"5054","50","54",1
1,"LISTA_50_54_MUJERES",46527,"5054","50","54",2
1,"LISTA_50_54_NOBINARIO",0,"5054","50","54",9
1,"LISTA_55_59_HOMBRES",34550,"5559","55","59",1
1,"LISTA_55_59_MUJERES",39412,"5559","55","59",2
1,"LISTA_55_59_NOBINARIO",0,"5559","55","59",9
1,"LISTA_60_64_HOMBRES",28126,"6064","60","64",1
1,"LISTA_60_64_MUJERES",32494,"6064","60","64",2
1,"LISTA_60_64_NOBINARIO",0,"6064","60","64",9
1,"LISTA_65_Y_MAS_HOMBRES",56142,"65","65","100",1
1,"LISTA_65_Y_MAS_MUJERES",68713,"65","65","100",2
1,"LISTA_65_Y_MAS_NOBINARIO",0,"65","65","100",9
10,"LISTA_18_HOMBRES",10919,"18","18","18",1
10,"LISTA_18_MUJERES",10769,"18","18","18",2
10,"LISTA_18_NOBINARIO",0,"18","18","18",9
10,"LISTA_19_HOMBRES",14953,"19","19","19",1
10,"LISTA_19_MUJERES",14999,"19","19","19",2
10,"LISTA_19_NOBINARIO",0,"19","19","19",9
10,"LISTA_20_24_HOMBRES",81850,"2024","20","24",1
10,"LISTA_20_24_MUJERES",82163,"2024","20","24",2
10,"LISTA_20_24_NOBINARIO",0,"2024","20","24",9
10,"LISTA_25_29_HOMBRES",80650,"2529","25","29",1
10,"LISTA_25_29_MUJERES",79979,"2529","25","29",2
10,"LISTA_25_29_NOBINARIO",0,"2529","25","29",9
10,"LISTA_30_34_HOMBRES",73187,"3034","30","34",1
10,"LISTA_30_34_MUJERES",76163,"3034","30","34",2
10,"LISTA_30_34_NOBINARIO",0,"3034","30","34",9
10,"LISTA_35_39_HOMBRES",66135,"3539","35","39",1
10,"LISTA_35_39_MUJERES",69204,"3539","35","39",2
10,"LISTA_35_39_NOBINARIO",0,"3539","35","39",9
10,"LISTA_40_44_HOMBRES",60850,"4044","40","44",1
10,"LISTA_40_44_MUJERES",63539,"4044","40","44",2
10,"LISTA_40_44_NOBINARIO",0,"4044","40","44",9
10,"LISTA_45_49_HOMBRES",60134,"4549","45","49",1
10,"LISTA_45_49_MUJERES",63313,"4549","45","49",2
10,"LISTA_45_49_NOBINARIO",0,"4549","45","49",9
10,"LISTA_50_54_HOMBRES",56552,"5054","50","54",1
10,"LISTA_50_54_MUJERES",60178,"5054","50","54",2
10,"LISTA_50_54_NOBINARIO",0,"5054","50","54",9
10,"LISTA_55_59_HOMBRES",49115,"5559","55","59",1
10,"LISTA_55_59_MUJERES",53618,"5559","55","59",2
10,"LISTA_55_59_NOBINARIO",0,"5559","55","59",9
10,"LISTA_60_64_HOMBRES",41900,"6064","60","64",1
10,"LISTA_60_64_MUJERES",45946,"6064","60","64",2
10,"LISTA_60_64_NOBINARIO",0,"6064","60","64",9
10,"LISTA_65_Y_MAS_HOMBRES",95113,"65","65","100",1
10,"LISTA_65_Y_MAS_MUJERES",105643,"65","65","100",2
10,"LISTA_65_Y_MAS_NOBINARIO",0,"65","65","100",9
11,"LISTA_18_HOMBRES",36651,"18","18","18",1
11,"LISTA_18_MUJERES",37858,"18","18","18",2
11,"LISTA_18_NOBINARIO",0,"18","18","18",9
11,"LISTA_19_HOMBRES",52301,"19","19","19",1
11,"LISTA_19_MUJERES",54265,"19","19","19",2
11,"LISTA_19_NOBINARIO",1,"19","19","19",9
11,"LISTA_20_24_HOMBRES",288744,"2024","20","24",1
11,"LISTA_20_24_MUJERES",294619,"2024","20","24",2
11,"LISTA_20_24_NOBINARIO",0,"2024","20","24",9
11,"LISTA_25_29_HOMBRES",287652,"2529","25","29",1
11,"LISTA_25_29_MUJERES",290211,"2529","25","29",2
11,"LISTA_25_29_NOBINARIO",1,"2529","25","29",9
11,"LISTA_30_34_HOMBRES",262030,"3034","30","34",1
11,"LISTA_30_34_MUJERES",281323,"3034","30","34",2
11,"LISTA_30_34_NOBINARIO",1,"3034","30","34",9
11,"LISTA_35_39_HOMBRES",235838,"3539","35","39",1
11,"LISTA_35_39_MUJERES",258062,"3539","35","39",2
11,"LISTA_35_39_NOBINARIO",0,"3539","35","39",9
11,"LISTA_40_44_HOMBRES",217885,"4044","40","44",1
11,"LISTA_40_44_MUJERES",240906,"4044","40","44",2
11,"LISTA_40_44_NOBINARIO",0,"4044","40","44",9
11,"LISTA_45_49_HOMBRES",204692,"4549","45","49",1
11,"LISTA_45_49_MUJERES",228349,"4549","45","49",2
11,"LISTA_45_49_NOBINARIO",0,"4549","45","49",9
11,"LISTA_50_54_HOMBRES",185561,"5054","50","54",1
11,"LISTA_50_54_MUJERES",208790,"5054","50","54",2
11,"LISTA_50_54_NOBINARIO",0,"5054","50","54",9
11,"LISTA_55_59_HOMBRES",154592,"5559","55","59",1
11,"LISTA_55_59_MUJERES",177326,"5559","55","59",2
11,"LISTA_55_59_NOBINARIO",0,"5559","55","59",9
11,"LISTA_60_64_HOMBRES",127134,"6064","60","64",1
11,"LISTA_60_64_MUJERES",146624,"6064","60","64",2
11,"LISTA_60_64_NOBINARIO",0,"6064","60","64",9
11,"LISTA_65_Y_MAS_HOMBRES",279356,"65","65","100",1
11,"LISTA_65_Y_MAS_MUJERES",331836,"65","65","100",2
11,"LISTA_65_Y_MAS_NOBINARIO",0,"65","65","100",9
12,"LISTA_18_HOMBRES",16186,"18","18","18",1
12,"LISTA_18_MUJERES",17732,"18","18","18",2
12,"LISTA_18_NOBINARIO",0,"18","18","18",9
12,"LISTA_19_HOMBRES",27747,"19","19","19",1
12,"LISTA_19_MUJERES",30008,"19","19","19",2
12,"LISTA_19_NOBINARIO",0,"19","19","19",9
12,"LISTA_20_24_HOMBRES",158868,"2024","20","24",1
12,"LISTA_20_24_MUJERES",168110,"2024","20","24",2
12,"LISTA_20_24_NOBINARIO",0,"2024","20","24",9
12,"LISTA_25_29_HOMBRES",159922,"2529","25","29",1
12,"LISTA_25_29_MUJERES",167143,"2529","25","29",2
12,"LISTA_25_29_NOBINARIO",0,"2529","25","29",9
12,"LISTA_30_34_HOMBRES",137230,"3034","30","34",1
12,"LISTA_30_34_MUJERES",152908,"3034","30","34",2
12,"LISTA_30_34_NOBINARIO",0,"3034","30","34",9
12,"LISTA_35_39_HOMBRES",122692,"3539","35","39",1
12,"LISTA_35_39_MUJERES",136076,"3539","35","39",2
12,"LISTA_35_39_NOBINARIO",0,"3539","35","39",9
12,"LISTA_40_44_HOMBRES",113502,"4044","40","44",1
12,"LISTA_40_44_MUJERES",124827,"4044","40","44",2
12,"LISTA_40_44_NOBINARIO",0,"4044","40","44",9
12,"LISTA_45_49_HOMBRES",107073,"4549","45","49",1
12,"LISTA_45_49_MUJERES",118403,"4549","45","49",2
12,"LISTA_45_49_NOBINARIO",0,"4549","45","49",9
12,"LISTA_50_54_HOMBRES",96039,"5054","50","54",1
12,"LISTA_50_54_MUJERES",107810,"5054","50","54",2
12,"LISTA_50_54_NOBINARIO",0,"5054","50","54",9
12,"LISTA_55_59_HOMBRES",82244,"5559","55","59",1
12,"LISTA_55_59_MUJERES",94100,"5559","55","59",2
12,"LISTA_55_59_NOBINARIO",0,"5559","55","59",9
12,"LISTA_60_64_HOMBRES",71557,"6064","60","64",1
12,"LISTA_60_64_MUJERES",82470,"6064","60","64",2
12,"LISTA_60_64_NOBINARIO",0,"6064","60","64",9
12,"LISTA_65_Y_MAS_HOMBRES",180085,"65","65","100",1
12,"LISTA_65_Y_MAS_MUJERES",213282,"65","65","100",2
12,"LISTA_65_Y_MAS_NOBINARIO",0,"65","65","100",9
13,"LISTA_18_HOMBRES",18506,"18","18","18",1
13,"LISTA_18_MUJERES",19376,"18","18","18",2
13,"LISTA_18_NOBINARIO",0,"18","18","18",9
13,"LISTA_19_HOMBRES",26284,"19","19","19",1
13,"LISTA_19_MUJERES",26949,"19","19","19",2
13,"LISTA_19_NOBINARIO",0,"19","19","19",9
13,"LISTA_20_24_HOMBRES",138010,"2024","20","24",1
13,"LISTA_20_24_MUJERES",139748,"2024","20","24",2
13,"LISTA_20_24_NOBINARIO",1,"2024","20","24",9
13,"LISTA_25_29_HOMBRES",128557,"2529","25","29",1
13,"LISTA_25_29_MUJERES",131951,"2529","25","29",2
13,"LISTA_25_29_NOBINARIO",0,"2529","25","29",9
13,"LISTA_30_34_HOMBRES",120323,"3034","30","34",1
13,"LISTA_30_34_MUJERES",134720,"3034","30","34",2
13,"LISTA_30_34_NOBINARIO",0,"3034","30","34",9
13,"LISTA_35_39_HOMBRES",111543,"3539","35","39",1
13,"LISTA_35_39_MUJERES",127880,"3539","35","39",2
13,"LISTA_35_39_NOBINARIO",0,"3539","35","39",9
13,"LISTA_40_44_HOMBRES",107944,"4044","40","44",1
13,"LISTA_40_44_MUJERES",124216,"4044","40","44",2
13,"LISTA_40_44_NOBINARIO",0,"4044","40","44",9
13,"LISTA_45_49_HOMBRES",102378,"4549","45","49",1
13,"LISTA_45_49_MUJERES",117006,"4549","45","49",2
13,"LISTA_45_49_NOBINARIO",0,"4549","45","49",9
13,"LISTA_50_54_HOMBRES",93154,"5054","50","54",1
13,"LISTA_50_54_MUJERES",106397,"5054","50","54",2
13,"LISTA_50_54_NOBINARIO",0,"5054","50","54",9
13,"LISTA_55_59_HOMBRES",76788,"5559","55","59",1
13,"LISTA_55_59_MUJERES",89311,"5559","55","59",2
13,"LISTA_55_59_NOBINARIO",0,"5559","55","59",9
13,"LISTA_60_64_HOMBRES",64441,"6064","60","64",1
13,"LISTA_60_64_MUJERES",74809,"6064","60","64",2
13,"LISTA_60_64_NOBINARIO",0,"6064","60","64",9
13,"LISTA_65_Y_MAS_HOMBRES",147694,"65","65","100",1
13,"LISTA_65_Y_MAS_MUJERES",175625,"65","65","100",2
13,"LISTA_65_Y_MAS_NOBINARIO",0,"65","65","100",9
14,"LISTA_18_HOMBRES",49870,"18","18","18",1
14,"LISTA_18_MUJERES",50177,"18","18","18",2
14,"LISTA_18_NOBINARIO",2,"18","18","18",9
14,"LISTA_19_HOMBRES",69732,"19","19","19",1
14,"LISTA_19_MUJERES",70160,"19","19","19",2
14,"LISTA_19_NOBINARIO",2,"19","19","19",9
14,"LISTA_20_24_HOMBRES",381448,"2024","20","24",1
14,"LISTA_20_24_MUJERES",380277,"2024","20","24",2
14,"LISTA_20_24_NOBINARIO",11,"2024","20","24",9
14,"LISTA_25_29_HOMBRES",377769,"2529","25","29",1
14,"LISTA_25_29_MUJERES",371305,"2529","25","29",2
14,"LISTA_25_29_NOBINARIO",4,"2529","25","29",9
14,"LISTA_30_34_HOMBRES",358318,"3034","30","34",1
14,"LISTA_30_34_MUJERES",359833,"3034","30","34",2
14,"LISTA_30_34_NOBINARIO",3,"3034","30","34",9
14,"LISTA_35_39_HOMBRES",334180,"3539","35","39",1
14,"LISTA_35_39_MUJERES",341930,"3539","35","39",2
14,"LISTA_35_39_NOBINARIO",2,"3539","35","39",9
14,"LISTA_40_44_HOMBRES",309243,"4044","40","44",1
14,"LISTA_40_44_MUJERES",320376,"4044","40","44",2
14,"LISTA_40_44_NOBINARIO",1,"4044","40","44",9
14,"LISTA_45_49_HOMBRES",283754,"4549","45","49",1
14,"LISTA_45_49_MUJERES",301416,"4549","45","49",2
14,"LISTA_45_49_NOBINARIO",0,"4549","45","49",9
14,"LISTA_50_54_HOMBRES",269878,"5054","50","54",1
14,"LISTA_50_54_MUJERES",289523,"5054","50","54",2
14,"LISTA_50_54_NOBINARIO",0,"5054","50","54",9
14,"LISTA_55_59_HOMBRES",221011,"5559","55","59",1
14,"LISTA_55_59_MUJERES",246455,"5559","55","59",2
14,"LISTA_55_59_NOBINARIO",0,"5559","55","59",9
14,"LISTA_60_64_HOMBRES",184176,"6064","60","64",1
14,"LISTA_60_64_MUJERES",208848,"6064","60","64",2
14,"LISTA_60_64_NOBINARIO",0,"6064","60","64",9
14,"LISTA_65_Y_MAS_HOMBRES",415612,"65","65","100",1
14,"LISTA_65_Y_MAS_MUJERES",499709,"65","65","100",2
14,"LISTA_65_Y_MAS_NOBINARIO",0,"65","65","100",9
15,"LISTA_18_HOMBRES",103757,"18","18","18",1
15,"LISTA_18_MUJERES",104077,"18","18","18",2
15,"LISTA_18_NOBINARIO",0,"18","18","18",9
15,"LISTA_19_HOMBRES",144168,"19","19","19",1
15,"LISTA_19_MUJERES",144649,"19","19","19",2
15,"LISTA_19_NOBINARIO",2,"19","19","19",9
15,"LISTA_20_24_HOMBRES",777622,"2024","20","24",1
15,"LISTA_20_24_MUJERES",775933,"2024","20","24",2
15,"LISTA_20_24_NOBINARIO",0,"2024","20","24",9
15,"LISTA_25_29_HOMBRES",738777,"2529","25","29",1
15,"LISTA_25_29_MUJERES",738993,"2529","25","29",2
15,"LISTA_25_29_NOBINARIO",1,"2529","25","29",9
15,"LISTA_30_34_HOMBRES",707869,"3034","30","34",1
15,"LISTA_30_34_MUJERES",745656,"3034","30","34",2
15,"LISTA_30_34_NOBINARIO",0,"3034","30","34",9
15,"LISTA_35_39_HOMBRES",631282,"3539","35","39",1
15,"LISTA_35_39_MUJERES",685362,"3539","35","39",2
15,"LISTA_35_39_NOBINARIO",0,"3539","35","39",9
15,"LISTA_40_44_HOMBRES",593645,"4044","40","44",1
15,"LISTA_40_44_MUJERES",663584,"4044","40","44",2
15,"LISTA_40_44_NOBINARIO",1,"4044","40","44",9
15,"LISTA_45_49_HOMBRES",561730,"4549","45","49",1
15,"LISTA_45_49_MUJERES",641961,"4549","45","49",2
15,"LISTA_45_49_NOBINARIO",0,"4549","45","49",9
15,"LISTA_50_54_HOMBRES",522973,"5054","50","54",1
15,"LISTA_50_54_MUJERES",604774,"5054","50","54",2
15,"LISTA_50_54_NOBINARIO",0,"5054","50","54",9
15,"LISTA_55_59_HOMBRES",424933,"5559","55","59",1
15,"LISTA_55_59_MUJERES",499662,"5559","55","59",2
15,"LISTA_55_59_NOBINARIO",0,"5559","55","59",9
15,"LISTA_60_64_HOMBRES",342119,"6064","60","64",1
15,"LISTA_60_64_MUJERES",409242,"6064","60","64",2
15,"LISTA_60_64_NOBINARIO",0,"6064","60","64",9
15,"LISTA_65_Y_MAS_HOMBRES",658146,"65","65","100",1
15,"LISTA_65_Y_MAS_MUJERES",845090,"65","65","100",2
15,"LISTA_65_Y_MAS_NOBINARIO",0,"65","65","100",9
16,"LISTA_18_HOMBRES",23686,"18","18","18",1
16,"LISTA_18_MUJERES",24087,"18","18","18",2
16,"LISTA_18_NOBINARIO",0,"18","18","18",9
16,"LISTA_19_HOMBRES",36777,"19","19","19",1
16,"LISTA_19_MUJERES",37929,"19","19","19",2
16,"LISTA_19_NOBINARIO",0,"19","19","19",9
16,"LISTA_20_24_HOMBRES",207256,"2024","20","24",1
16,"LISTA_20_24_MUJERES",212745,"2024","20","24",2
16,"LISTA_20_24_NOBINARIO",0,"2024","20","24",9
16,"LISTA_25_29_HOMBRES",212255,"2529","25","29",1
16,"LISTA_25_29_MUJERES",215799,"2529","25","29",2
16,"LISTA_25_29_NOBINARIO",0,"2529","25","29",9
16,"LISTA_30_34_HOMBRES",196934,"3034","30","34",1
16,"LISTA_30_34_MUJERES",211166,"3034","30","34",2
16,"LISTA_30_34_NOBINARIO",0,"3034","30","34",9
16,"LISTA_35_39_HOMBRES",180626,"3539","35","39",1
16,"LISTA_35_39_MUJERES",196443,"3539","35","39",2
16,"LISTA_35_39_NOBINARIO",0,"3539","35","39",9
16,"LISTA_40_44_HOMBRES",165960,"4044","40","44",1
16,"LISTA_40_44_MUJERES",180426,"4044","40","44",2
16,"LISTA_40_44_NOBINARIO",0,"4044","40","44",9
16,"LISTA_45_49_HOMBRES",158333,"4549","45","49",1
16,"LISTA_45_49_MUJERES",171894,"4549","45","49",2
16,"LISTA_45_49_NOBINARIO",0,"4549","45","49",9
16,"LISTA_50_54_HOMBRES",145956,"5054","50","54",1
16,"LISTA_50_54_MUJERES",161315,"5054","50","54",2
16,"LISTA_50_54_NOBINARIO",0,"5054","50","54",9
16,"LISTA_55_59_HOMBRES",124843,"5559","55","59",1
16,"LISTA_55_59_MUJERES",142468,"5559","55","59",2
16,"LISTA_55_59_NOBINARIO",0,"5559","55","59",9
16,"LISTA_60_64_HOMBRES",108979,"6064","60","64",1
16,"LISTA_60_64_MUJERES",124294,"6064","60","64",2
16,"LISTA_60_64_NOBINARIO",0,"6064","60","64",9
16,"LISTA_65_Y_MAS_HOMBRES",268706,"65","65","100",1
16,"LISTA_65_Y_MAS_MUJERES",308418,"65","65","100",2
16,"LISTA_65_Y_MAS_NOBINARIO",0,"65","65","100",9
17,"LISTA_18_HOMBRES",11090,"18","18","18",1
17,"LISTA_18_MUJERES",11326,"18","18","18",2
17,"LISTA_18_NOBINARIO",0,"18","18","18",9
17,"LISTA_19_HOMBRES",16076,"19","19","19",1
17,"LISTA_19_MUJERES",16255,"19","19","19",2
17,"LISTA_19_NOBINARIO",0,"19","19","19",9
17,"LISTA_20_24_HOMBRES",85416,"2024","20","24",1
17,"LISTA_20_24_MUJERES",86491,"2024","20","24",2
17,"LISTA_20_24_NOBINARIO",0,"2024","20","24",9
17,"LISTA_25_29_HOMBRES",84782,"2529","25","29",1
17,"LISTA_25_29_MUJERES",87030,"2529","25","29",2
17,"LISTA_25_29_NOBINARIO",0,"2529","25","29",9
17,"LISTA_30_34_HOMBRES",80668,"3034","30","34",1
17,"LISTA_30_34_MUJERES",86469,"3034","30","34",2
17,"LISTA_30_34_NOBINARIO",0,"3034","30","34",9
17,"LISTA_35_39_HOMBRES",72491,"3539","35","39",1
17,"LISTA_35_39_MUJERES",79257,"3539","35","39",2
17,"LISTA_35_39_NOBINARIO",0,"3539","35","39",9
17,"LISTA_40_44_HOMBRES",66977,"4044","40","44",1
17,"LISTA_40_44_MUJERES",74777,"4044","40","44",2
17,"LISTA_40_44_NOBINARIO",0,"4044","40","44",9
17,"LISTA_45_49_HOMBRES",64236,"4549","45","49",1
17,"LISTA_45_49_MUJERES",73736,"4549","45","49",2
17,"LISTA_45_49_NOBINARIO",0,"4549","45","49",9
17,"LISTA_50_54_HOMBRES",60883,"5054","50","54",1
17,"LISTA_50_54_MUJERES",70646,"5054","50","54",2
17,"LISTA_50_54_NOBINARIO",0,"5054","50","54",9
17,"LISTA_55_59_HOMBRES",51533,"5559","55","59",1
17,"LISTA_55_59_MUJERES",60607,"5559","55","59",2
17,"LISTA_55_59_NOBINARIO",0,"5559","55","59",9
17,"LISTA_60_64_HOMBRES",44804,"6064","60","64",1
17,"LISTA_60_64_MUJERES",53222,"6064","60","64",2
17,"LISTA_60_64_NOBINARIO",0,"6064","60","64",9
17,"LISTA_65_Y_MAS_HOMBRES",100279,"65","65","100",1
17,"LISTA_65_Y_MAS_MUJERES",123304,"65","65","100",2
17,"LISTA_65_Y_MAS_NOBINARIO",0,"65","65","100",9
18,"LISTA_18_HOMBRES",6966,"18","18","18",1
18,"LISTA_18_MUJERES",7070,"18","18","18",2
18,"LISTA_18_NOBINARIO",0,"18","18","18",9
18,"LISTA_19_HOMBRES",9911,"19","19","19",1
18,"LISTA_19_MUJERES",9804,"19","19","19",2
18,"LISTA_19_NOBINARIO",0,"19","19","19",9
18,"LISTA_20_24_HOMBRES",52111,"2024","20","24",1
18,"LISTA_20_24_MUJERES",52642,"2024","20","24",2
18,"LISTA_20_24_NOBINARIO",0,"2024","20","24",9
18,"LISTA_25_29_HOMBRES",51928,"2529","25","29",1
18,"LISTA_25_29_MUJERES",50990,"2529","25","29",2
18,"LISTA_25_29_NOBINARIO",3,"2529","25","29",9
18,"LISTA_30_34_HOMBRES",48870,"3034","30","34",1
18,"LISTA_30_34_MUJERES",50260,"3034","30","34",2
18,"LISTA_30_34_NOBINARIO",0,"3034","30","34",9
18,"LISTA_35_39_HOMBRES",46725,"3539","35","39",1
18,"LISTA_35_39_MUJERES",48294,"3539","35","39",2
18,"LISTA_35_39_NOBINARIO",0,"3539","35","39",9
18,"LISTA_40_44_HOMBRES",43264,"4044","40","44",1
18,"LISTA_40_44_MUJERES",44519,"4044","40","44",2
18,"LISTA_40_44_NOBINARIO",0,"4044","40","44",9
18,"LISTA_45_49_HOMBRES",42478,"4549","45","49",1
18,"LISTA_45_49_MUJERES",43674,"4549","45","49",2
18,"LISTA_45_49_NOBINARIO",0,"4549","45","49",9
18,"LISTA_50_54_HOMBRES",40113,"5054","50","54",1
18,"LISTA_50_54_MUJERES",40953,"5054","50","54",2
18,"LISTA_50_54_NOBINARIO",0,"5054","50","54",9
18,"LISTA_55_59_HOMBRES",33349,"5559","55","59",1
18,"LISTA_55_59_MUJERES",35209,"5559","55","59",2
18,"LISTA_55_59_NOBINARIO",0,"5559","55","59",9
18,"LISTA_60_64_HOMBRES",28401,"6064","60","64",1
18,"LISTA_60_64_MUJERES",30491,"6064","60","64",2
18,"LISTA_60_64_NOBINARIO",0,"6064","60","64",9
18,"LISTA_65_Y_MAS_HOMBRES",68149,"65","65","100",1
18,"LISTA_65_Y_MAS_MUJERES",75172,"65","65","100",2
18,"LISTA_65_Y_MAS_NOBINARIO",0,"65","65","100",9
19,"LISTA_18_HOMBRES",35709,"18","18","18",1
19,"LISTA_18_MUJERES",34958,"18","18","18",2
19,"LISTA_18_NOBINARIO",0,"18","18","18",9
19,"LISTA_19_HOMBRES",47229,"19","19","19",1
19,"LISTA_19_MUJERES",45829,"19","19","19",2
19,"LISTA_19_NOBINARIO",2,"19","19","19",9
19,"LISTA_20_24_HOMBRES",261156,"2024","20","24",1
19,"LISTA_20_24_MUJERES",251499,"2024","20","24",2
19,"LISTA_20_24_NOBINARIO",2,"2024","20","24",9
19,"LISTA_25_29_HOMBRES",263965,"2529","25","29",1
19,"LISTA_25_29_MUJERES",248636,"2529","25","29",2
19,"LISTA_25_29_NOBINARIO",0,"2529","25","29",9
19,"LISTA_30_34_HOMBRES",259805,"3034","30","34",1
19,"LISTA_30_34_MUJERES",244144,"3034","30","34",2
19,"LISTA_30_34_NOBINARIO",3,"3034","30","34",9
19,"LISTA_35_39_HOMBRES",228893,"3539","35","39",1
19,"LISTA_35_39_MUJERES",217699,"3539","35","39",2
19,"LISTA_35_39_NOBINARIO",1,"3539","35","39",9
19,"LISTA_40_44_HOMBRES",219249,"4044","40","44",1
19,"LISTA_40_44_MUJERES",212103,"4044","40","44",2
19,"LISTA_40_44_NOBINARIO",1,"4044","40","44",9
19,"LISTA_45_49_HOMBRES",207238,"4549","45","49",1
19,"LISTA_45_49_MUJERES",206263,"4549","45","49",2
19,"LISTA_45_49_NOBINARIO",0,"4549","45","49",9
19,"LISTA_50_54_HOMBRES",194069,"5054","50","54",1
19,"LISTA_50_54_MUJERES",197457,"5054","50","54",2
19,"LISTA_50_54_NOBINARIO",0,"5054","50","54",9
19,"LISTA_55_59_HOMBRES",155793,"5559","55","59",1
19,"LISTA_55_59_MUJERES",163860,"5559","55","59",2
19,"LISTA_55_59_NOBINARIO",0,"5559","55","59",9
19,"LISTA_60_64_HOMBRES",123112,"6064","60","64",1
19,"LISTA_60_64_MUJERES",133394,"6064","60","64",2
19,"LISTA_60_64_NOBINARIO",0,"6064","60","64",9
19,"LISTA_65_Y_MAS_HOMBRES",241006,"65","65","100",1
19,"LISTA_65_Y_MAS_MUJERES",295315,"65","65","100",2
19,"LISTA_65_Y_MAS_NOBINARIO",0,"65","65","100",9
2,"LISTA_18_HOMBRES",23806,"18","18","18",1
2,"LISTA_18_MUJERES",23762,"18","18","18",2
2,"LISTA_18_NOBINARIO",0,"18","18","18",9
2,"LISTA_19_HOMBRES",32681,"19","19","19",1
2,"LISTA_19_MUJERES",31498,"19","19","19",2
2,"LISTA_19_NOBINARIO",0,"19","19","19",9
2,"LISTA_20_24_HOMBRES",180807,"2024","20","24",1
2,"LISTA_20_24_MUJERES",173902,"2024","20","24",2
2,"LISTA_20_24_NOBINARIO",2,"2024","20","24",9
2,"LISTA_25_29_HOMBRES",194407,"2529","25","29",1
2,"LISTA_25_29_MUJERES",183486,"2529","25","29",2
2,"LISTA_25_29_NOBINARIO",1,"2529","25","29",9
2,"LISTA_30_34_HOMBRES",184563,"3034","30","34",1
2,"LISTA_30_34_MUJERES",176465,"3034","30","34",2
2,"LISTA_30_34_NOBINARIO",1,"3034","30","34",9
2,"LISTA_35_39_HOMBRES",164701,"3539","35","39",1
2,"LISTA_35_39_MUJERES",159675,"3539","35","39",2
2,"LISTA_35_39_NOBINARIO",0,"3539","35","39",9
2,"LISTA_40_44_HOMBRES",153962,"4044","40","44",1
2,"LISTA_40_44_MUJERES",150390,"4044","40","44",2
2,"LISTA_40_44_NOBINARIO",0,"4044","40","44",9
2,"LISTA_45_49_HOMBRES",148972,"4549","45","49",1
2,"LISTA_45_49_MUJERES",148039,"4549","45","49",2
2,"LISTA_45_49_NOBINARIO",0,"4549","45","49",9
2,"LISTA_50_54_HOMBRES",143814,"5054","50","54",1
2,"LISTA_50_54_MUJERES",141634,"5054","50","54",2
2,"LISTA_50_54_NOBINARIO",0,"5054","50","54",9
2,"LISTA_55_59_HOMBRES",116162,"5559","55","59",1
2,"LISTA_55_59_MUJERES",118207,"5559","55","59",2
2,"LISTA_55_59_NOBINARIO",0,"5559","55","59",9
2,"LISTA_60_64_HOMBRES",90788,"6064","60","64",1
2,"LISTA_60_64_MUJERES",97358,"6064","60","64",2
2,"LISTA_60_64_NOBINARIO",0,"6064","60","64",9
2,"LISTA_65_Y_MAS_HOMBRES",167308,"65","65","100",1
2,"LISTA_65_Y_MAS_MUJERES",204837,"65","65","100",2
2,"LISTA_65_Y_MAS_NOBINARIO",0,"65","65","100",9
20,"LISTA_18_HOMBRES",19764,"18","18","18",1
20,"LISTA_18_MUJERES",21051,"18","18","18",2
20,"LISTA_18_NOBINARIO",0,"18","18","18",9
20,"LISTA_19_HOMBRES",31655,"19","19","19",1
20,"LISTA_19_MUJERES",33572,"19","19","19",2
20,"LISTA_19_NOBINARIO",0,"19","19","19",9
20,"LISTA_20_24_HOMBRES",173367,"2024","20","24",1
20,"LISTA_20_24_MUJERES",182276,"2024","20","24",2
20,"LISTA_20_24_NOBINARIO",0,"2024","20","24",9
20,"LISTA_25_29_HOMBRES",174028,"2529","25","29",1
20,"LISTA_25_29_MUJERES",186158,"2529","25","29",2
20,"LISTA_25_29_NOBINARIO",0,"2529","25","29",9
20,"LISTA_30_34_HOMBRES",161304,"3034","30","34",1
20,"LISTA_30_34_MUJERES",185416,"3034","30","34",2
20,"LISTA_30_34_NOBINARIO",0,"3034","30","34",9
20,"LISTA_35_39_HOMBRES",146354,"3539","35","39",1
20,"LISTA_35_39_MUJERES",167434,"3539","35","39",2
20,"LISTA_35_39_NOBINARIO",0,"3539","35","39",9
20,"LISTA_40_44_HOMBRES",139117,"4044","40","44",1
20,"LISTA_40_44_MUJERES",158354,"4044","40","44",2
20,"LISTA_40_44_NOBINARIO",0,"4044","40","44",9
20,"LISTA_45_49_HOMBRES",127780,"4549","45","49",1
20,"LISTA_45_49_MUJERES",146719,"4549","45","49",2
20,"LISTA_45_49_NOBINARIO",0,"4549","45","49",9
20,"LISTA_50_54_HOMBRES",113311,"5054","50","54",1
20,"LISTA_50_54_MUJERES",131149,"5054","50","54",2
20,"LISTA_50_54_NOBINARIO",0,"5054","50","54",9
20,"LISTA_55_59_HOMBRES",96018,"5559","55","59",1
20,"LISTA_55_59_MUJERES",113421,"5559","55","59",2
20,"LISTA_55_59_NOBINARIO",0,"5559","55","59",9
20,"LISTA_60_64_HOMBRES",83228,"6064","60","64",1
20,"LISTA_60_64_MUJERES",98669,"6064","60","64",2
20,"LISTA_60_64_NOBINARIO",0,"6064","60","64",9
20,"LISTA_65_Y_MAS_HOMBRES",210601,"65","65","100",1
20,"LISTA_65_Y_MAS_MUJERES",254932,"65","65","100",2
20,"LISTA_65_Y_MAS_NOBINARIO",0,"65","65","100",9
21,"LISTA_18_HOMBRES",36346,"18","18","18",1
21,"LISTA_18_MUJERES",37768,"18","18","18",2
21,"LISTA_18_NOBINARIO",0,"18","18","18",9
21,"LISTA_19_HOMBRES",55348,"19","19","19",1
21,"LISTA_19_MUJERES",57542,"19","19","19",2
21,"LISTA_19_NOBINARIO",0,"19","19","19",9
21,"LISTA_20_24_HOMBRES",309713,"2024","20","24",1
21,"LISTA_20_24_MUJERES",319898,"2024","20","24",2
21,"LISTA_20_24_NOBINARIO",1,"2024","20","24",9
21,"LISTA_25_29_HOMBRES",300178,"2529","25","29",1
21,"LISTA_25_29_MUJERES",310645,"2529","25","29",2
21,"LISTA_25_29_NOBINARIO",0,"2529","25","29",9
21,"LISTA_30_34_HOMBRES",272227,"3034","30","34",1
21,"LISTA_30_34_MUJERES",301214,"3034","30","34",2
21,"LISTA_30_34_NOBINARIO",0,"3034","30","34",9
21,"LISTA_35_39_HOMBRES",237296,"3539","35","39",1
21,"LISTA_35_39_MUJERES",269829,"3539","35","39",2
21,"LISTA_35_39_NOBINARIO",0,"3539","35","39",9
21,"LISTA_40_44_HOMBRES",221495,"4044","40","44",1
21,"LISTA_40_44_MUJERES",256208,"4044","40","44",2
21,"LISTA_40_44_NOBINARIO",0,"4044","40","44",9
21,"LISTA_45_49_HOMBRES",202105,"4549","45","49",1
21,"LISTA_45_49_MUJERES",236393,"4549","45","49",2
21,"LISTA_45_49_NOBINARIO",0,"4549","45","49",9
21,"LISTA_50_54_HOMBRES",177586,"5054","50","54",1
21,"LISTA_50_54_MUJERES",209130,"5054","50","54",2
21,"LISTA_50_54_NOBINARIO",0,"5054","50","54",9
21,"LISTA_55_59_HOMBRES",143936,"5559","55","59",1
21,"LISTA_55_59_MUJERES",175371,"5559","55","59",2
21,"LISTA_55_59_NOBINARIO",0,"5559","55","59",9
21,"LISTA_60_64_HOMBRES",119109,"6064","60","64",1
21,"LISTA_60_64_MUJERES",146062,"6064","60","64",2
21,"LISTA_60_64_NOBINARIO",0,"6064","60","64",9
21,"LISTA_65_Y_MAS_HOMBRES",273257,"65","65","100",1
21,"LISTA_65_Y_MAS_MUJERES",352410,"65","65","100",2
21,"LISTA_65_Y_MAS_NOBINARIO",0,"65","65","100",9
22,"LISTA_18_HOMBRES",15331,"18","18","18",1
22,"LISTA_18_MUJERES",15658,"18","18","18",2
22,"LISTA_18_NOBINARIO",0,"18","18","18",9
22,"LISTA_19_HOMBRES",20604,"19","19","19",1
22,"LISTA_19_MUJERES",20848,"19","19","19",2
22,"LISTA_19_NOBINARIO",0,"19","19","19",9
22,"LISTA_20_24_HOMBRES",111061,"2024","20","24",1
22,"LISTA_20_24_MUJERES",110637,"2024","20","24",2
22,"LISTA_20_24_NOBINARIO",1,"2024","20","24",9
22,"LISTA_25_29_HOMBRES",114560,"2529","25","29",1
22,"LISTA_25_29_MUJERES",111698,"2529","25","29",2
22,"LISTA_25_29_NOBINARIO",0,"2529","25","29",9
22,"LISTA_30_34_HOMBRES",116416,"3034","30","34",1
22,"LISTA_30_34_MUJERES",117822,"3034","30","34",2
22,"LISTA_30_34_NOBINARIO",1,"3034","30","34",9
22,"LISTA_35_39_HOMBRES",101573,"3539","35","39",1
22,"LISTA_35_39_MUJERES",105288,"3539","35","39",2
22,"LISTA_35_39_NOBINARIO",0,"3539","35","39",9
22,"LISTA_40_44_HOMBRES",92298,"4044","40","44",1
22,"LISTA_40_44_MUJERES",98981,"4044","40","44",2
22,"LISTA_40_44_NOBINARIO",0,"4044","40","44",9
22,"LISTA_45_49_HOMBRES",82960,"4549","45","49",1
22,"LISTA_45_49_MUJERES",90736,"4549","45","49",2
22,"LISTA_45_49_NOBINARIO",0,"4549","45","49",9
22,"LISTA_50_54_HOMBRES",73830,"5054","50","54",1
22,"LISTA_50_54_MUJERES",81402,"5054","50","54",2
22,"LISTA_50_54_NOBINARIO",0,"5054","50","54",9
22,"LISTA_55_59_HOMBRES",57734,"5559","55","59",1
22,"LISTA_55_59_MUJERES",65694,"5559","55","59",2
22,"LISTA_55_59_NOBINARIO",0,"5559","55","59",9
22,"LISTA_60_64_HOMBRES",46303,"6064","60","64",1
22,"LISTA_60_64_MUJERES",53181,"6064","60","64",2
22,"LISTA_60_64_NOBINARIO",0,"6064","60","64",9
22,"LISTA_65_Y_MAS_HOMBRES",90208,"65","65","100",1
22,"LISTA_65_Y_MAS_MUJERES",113284,"65","65","100",2
22,"LISTA_65_Y_MAS_NOBINARIO",0,"65","65","100",9
23,"LISTA_18_HOMBRES",11547,"18","18","18",1
23,"LISTA_18_MUJERES",11676,"18","18","18",2
23,"LISTA_18_NOBINARIO",0,"18","18","18",9
23,"LISTA_19_HOMBRES",15472,"19","19","19",1
23,"LISTA_19_MUJERES",15200,"19","19","19",2
23,"LISTA_19_NOBINARIO",0,"19","19","19",9
23,"LISTA_20_24_HOMBRES",84919,"2024","20","24",1
23,"LISTA_20_24_MUJERES",83276,"2024","20","24",2
23,"LISTA_20_24_NOBINARIO",0,"2024","20","24",9
23,"LISTA_25_29_HOMBRES",97825,"2529","25","29",1
23,"LISTA_25_29_MUJERES",93575,"2529","25","29",2
23,"LISTA_25_29_NOBINARIO",0,"2529","25","29",9
23,"LISTA_30_34_HOMBRES",105960,"3034","30","34",1
23,"LISTA_30_34_MUJERES",99670,"3034","30","34",2
23,"LISTA_30_34_NOBINARIO",0,"3034","30","34",9
23,"LISTA_35_39_HOMBRES",93001,"3539","35","39",1
23,"LISTA_35_39_MUJERES",88440,"3539","35","39",2
23,"LISTA_35_39_NOBINARIO",1,"3539","35","39",9
23,"LISTA_40_44_HOMBRES",80174,"4044","40","44",1
23,"LISTA_40_44_MUJERES",77065,"4044","40","44",2
23,"LISTA_40_44_NOBINARIO",0,"4044","40","44",9
23,"LISTA_45_49_HOMBRES",68284,"4549","45","49",1
23,"LISTA_45_49_MUJERES",67064,"4549","45","49",2
23,"LISTA_45_49_NOBINARIO",0,"4549","45","49",9
23,"LISTA_50_54_HOMBRES",57890,"5054","50","54",1
23,"LISTA_50_54_MUJERES",56720,"5054","50","54",2
23,"LISTA_50_54_NOBINARIO",0,"5054","50","54",9
23,"LISTA_55_59_HOMBRES",43881,"5559","55","59",1
23,"LISTA_55_59_MUJERES",43889,"5559","55","59",2
23,"LISTA_55_59_NOBINARIO",0,"5559","55","59",9
23,"LISTA_60_64_HOMBRES",31130,"6064","60","64",1
23,"LISTA_60_64_MUJERES",32278,"6064","60","64",2
23,"LISTA_60_64_NOBINARIO",0,"6064","60","64",9
23,"LISTA_65_Y_MAS_HOMBRES",49496,"65","65","100",1
23,"LISTA_65_Y_MAS_MUJERES",54079,"65","65","100",2
23,"LISTA_65_Y_MAS_NOBINARIO",0,"65","65","100",9
24,"LISTA_18_HOMBRES",16737,"18","18","18",1
24,"LISTA_18_MUJERES",16711,"18","18","18",2
24,"LISTA_18_NOBINARIO",0,"18","18","18",9
24,"LISTA_19_HOMBRES",23472,"19","19","19",1
24,"LISTA_19_MUJERES",24144,"19","19","19",2
24,"LISTA_19_NOBINARIO",0,"19","19","19",9
24,"LISTA_20_24_HOMBRES",128240,"2024","20","24",1
24,"LISTA_20_24_MUJERES",130252,"2024","20","24",2
24,"LISTA_20_24_NOBINARIO",0,"2024","20","24",9
24,"LISTA_25_29_HOMBRES",123655,"2529","25","29",1
24,"LISTA_25_29_MUJERES",125690,"2529","25","29",2
24,"LISTA_25_29_NOBINARIO",0,"2529","25","29",9
24,"LISTA_30_34_HOMBRES",115600,"3034","30","34",1
24,"LISTA_30_34_MUJERES",123382,"3034","30","34",2
24,"LISTA_30_34_NOBINARIO",0,"3034","30","34",9
24,"LISTA_35_39_HOMBRES",103048,"3539","35","39",1
24,"LISTA_35_39_MUJERES",111568,"3539","35","39",2
24,"LISTA_35_39_NOBINARIO",0,"3539","35","39",9
24,"LISTA_40_44_HOMBRES",96087,"4044","40","44",1
24,"LISTA_40_44_MUJERES",105289,"4044","40","44",2
24,"LISTA_40_44_NOBINARIO",0,"4044","40","44",9
24,"LISTA_45_49_HOMBRES",90887,"4549","45","49",1
24,"LISTA_45_49_MUJERES",99290,"4549","45","49",2
24,"LISTA_45_49_NOBINARIO",0,"4549","45","49",9
24,"LISTA_50_54_HOMBRES",83739,"5054","50","54",1
24,"LISTA_50_54_MUJERES",92258,"5054","50","54",2
24,"LISTA_50_54_NOBINARIO",0,"5054","50","54",9
24,"LISTA_55_59_HOMBRES",72367,"5559","55","59",1
24,"LISTA_55_59_MUJERES",80994,"5559","55","59",2
24,"LISTA_55_59_NOBINARIO",0,"5559","55","59",9
24,"LISTA_60_64_HOMBRES",61347,"6064","60","64",1
24,"LISTA_60_64_MUJERES",68917,"6064","60","64",2
24,"LISTA_60_64_NOBINARIO",0,"6064","60","64",9
24,"LISTA_65_Y_MAS_HOMBRES",147130,"65","65","100",1
24,"LISTA_65_Y_MAS_MUJERES",167446,"65","65","100",2
24,"LISTA_65_Y_MAS_NOBINARIO",0,"65","65","100",9
25,"LISTA_18_HOMBRES",17460,"18","18","18",1
25,"LISTA_18_MUJERES",18020,"18","18","18",2
25,"LISTA_18_NOBINARIO",0,"18","18","18",9
25,"LISTA_19_HOMBRES",24930,"19","19","19",1
25,"LISTA_19_MUJERES",25085,"19","19","19",2
25,"LISTA_19_NOBINARIO",0,"19","19","19",9
25,"LISTA_20_24_HOMBRES",133442,"2024","20","24",1
25,"LISTA_20_24_MUJERES",134022,"2024","20","24",2
25,"LISTA_20_24_NOBINARIO",0,"2024","20","24",9
25,"LISTA_25_29_HOMBRES",131897,"2529","25","29",1
25,"LISTA_25_29_MUJERES",131571,"2529","25","29",2
25,"LISTA_25_29_NOBINARIO",0,"2529","25","29",9
25,"LISTA_30_34_HOMBRES",120619,"3034","30","34",1
25,"LISTA_30_34_MUJERES",124308,"3034","30","34",2
25,"LISTA_30_34_NOBINARIO",0,"3034","30","34",9
25,"LISTA_35_39_HOMBRES",110265,"3539","35","39",1
25,"LISTA_35_39_MUJERES",113759,"3539","35","39",2
25,"LISTA_35_39_NOBINARIO",0,"3539","35","39",9
25,"LISTA_40_44_HOMBRES",103317,"4044","40","44",1
25,"LISTA_40_44_MUJERES",107600,"4044","40","44",2
25,"LISTA_40_44_NOBINARIO",0,"4044","40","44",9
25,"LISTA_45_49_HOMBRES",102758,"4549","45","49",1
25,"LISTA_45_49_MUJERES",107781,"4549","45","49",2
25,"LISTA_45_49_NOBINARIO",0,"4549","45","49",9
25,"LISTA_50_54_HOMBRES",97626,"5054","50","54",1
25,"LISTA_50_54_MUJERES",103622,"5054","50","54",2
25,"LISTA_50_54_NOBINARIO",0,"5054","50","54",9
25,"LISTA_55_59_HOMBRES",82486,"5559","55","59",1
25,"LISTA_55_59_MUJERES",90083,"5559","55","59",2
25,"LISTA_55_59_NOBINARIO",0,"5559","55","59",9
25,"LISTA_60_64_HOMBRES",69303,"6064","60","64",1
25,"LISTA_60_64_MUJERES",77801,"6064","60","64",2
25,"LISTA_60_64_NOBINARIO",0,"6064","60","64",9
25,"LISTA_65_Y_MAS_HOMBRES",160683,"65","65","100",1
25,"LISTA_65_Y_MAS_MUJERES",186149,"65","65","100",2
25,"LISTA_65_Y_MAS_NOBINARIO",0,"65","65","100",9
26,"LISTA_18_HOMBRES",18293,"18","18","18",1
26,"LISTA_18_MUJERES",18778,"18","18","18",2
26,"LISTA_18_NOBINARIO",0,"18","18","18",9
26,"LISTA_19_HOMBRES",23952,"19","19","19",1
26,"LISTA_19_MUJERES",23886,"19","19","19",2
26,"LISTA_19_NOBINARIO",0,"19","19","19",9
26,"LISTA_20_24_HOMBRES",130177,"2024","20","24",1
26,"LISTA_20_24_MUJERES",128606,"2024","20","24",2
26,"LISTA_20_24_NOBINARIO",0,"2024","20","24",9
26,"LISTA_25_29_HOMBRES",129095,"2529","25","29",1
26,"LISTA_25_29_MUJERES",125896,"2529","25","29",2
26,"LISTA_25_29_NOBINARIO",0,"2529","25","29",9
26,"LISTA_30_34_HOMBRES",120454,"3034","30","34",1
26,"LISTA_30_34_MUJERES",119361,"3034","30","34",2
26,"LISTA_30_34_NOBINARIO",1,"3034","30","34",9
26,"LISTA_35_39_HOMBRES",110932,"3539","35","39",1
26,"LISTA_35_39_MUJERES",109763,"3539","35","39",2
26,"LISTA_35_39_NOBINARIO",0,"3539","35","39",9
26,"LISTA_40_44_HOMBRES",106068,"4044","40","44",1
26,"LISTA_40_44_MUJERES",106702,"4044","40","44",2
26,"LISTA_40_44_NOBINARIO",0,"4044","40","44",9
26,"LISTA_45_49_HOMBRES",103909,"4549","45","49",1
26,"LISTA_45_49_MUJERES",105297,"4549","45","49",2
26,"LISTA_45_49_NOBINARIO",0,"4549","45","49",9
26,"LISTA_50_54_HOMBRES",97907,"5054","50","54",1
26,"LISTA_50_54_MUJERES",100526,"5054","50","54",2
26,"LISTA_50_54_NOBINARIO",0,"5054","50","54",9
26,"LISTA_55_59_HOMBRES",82385,"5559","55","59",1
26,"LISTA_55_59_MUJERES",86786,"5559","55","59",2
26,"LISTA_55_59_NOBINARIO",1,"5559","55","59",9
26,"LISTA_60_64_HOMBRES",69394,"6064","60","64",1
26,"LISTA_60_64_MUJERES",74968,"6064","60","64",2
26,"LISTA_60_64_NOBINARIO",0,"6064","60","64",9
26,"LISTA_65_Y_MAS_HOMBRES",142919,"65","65","100",1
26,"LISTA_65_Y_MAS_MUJERES",166528,"65","65","100",2
26,"LISTA_65_Y_MAS_NOBINARIO",0,"65","65","100",9
27,"LISTA_18_HOMBRES",16161,"18","18","18",1
27,"LISTA_18_MUJERES",16070,"18","18","18",2
27,"LISTA_18_NOBINARIO",0,"18","18","18",9
27,"LISTA_19_HOMBRES",21021,"19","19","19",1
27,"LISTA_19_MUJERES",21260,"19","19","19",2
27,"LISTA_19_NOBINARIO",0,"19","19","19",9
27,"LISTA_20_24_HOMBRES",105597,"2024","20","24",1
27,"LISTA_20_24_MUJERES",106923,"2024","20","24",2
27,"LISTA_20_24_NOBINARIO",1,"2024","20","24",9
27,"LISTA_25_29_HOMBRES",96631,"2529","25","29",1
27,"LISTA_25_29_MUJERES",100735,"2529","25","29",2
27,"LISTA_25_29_NOBINARIO",0,"2529","25","29",9
27,"LISTA_30_34_HOMBRES",93633,"3034","30","34",1
27,"LISTA_30_34_MUJERES",101816,"3034","30","34",2
27,"LISTA_30_34_NOBINARIO",0,"3034","30","34",9
27,"LISTA_35_39_HOMBRES",90484,"3539","35","39",1
27,"LISTA_35_39_MUJERES",99823,"3539","35","39",2
27,"LISTA_35_39_NOBINARIO",0,"3539","35","39",9
27,"LISTA_40_44_HOMBRES",86051,"4044","40","44",1
27,"LISTA_40_44_MUJERES",96082,"4044","40","44",2
27,"LISTA_40_44_NOBINARIO",0,"4044","40","44",9
27,"LISTA_45_49_HOMBRES",80011,"4549","45","49",1
27,"LISTA_45_49_MUJERES",89549,"4549","45","49",2
27,"LISTA_45_49_NOBINARIO",0,"4549","45","49",9
27,"LISTA_50_54_HOMBRES",71020,"5054","50","54",1
27,"LISTA_50_54_MUJERES",78969,"5054","50","54",2
27,"LISTA_50_54_NOBINARIO",0,"5054","50","54",9
27,"LISTA_55_59_HOMBRES",59407,"5559","55","59",1
27,"LISTA_55_59_MUJERES",65020,"5559","55","59",2
27,"LISTA_55_59_NOBINARIO",0,"5559","55","59",9
27,"LISTA_60_64_HOMBRES",51035,"6064","60","64",1
27,"LISTA_60_64_MUJERES",54658,"6064","60","64",2
27,"LISTA_60_64_NOBINARIO",0,"6064","60","64",9
27,"LISTA_65_Y_MAS_HOMBRES",101077,"65","65","100",1
27,"LISTA_65_Y_MAS_MUJERES",112554,"65","65","100",2
27,"LISTA_65_Y_MAS_NOBINARIO",0,"65","65","100",9
28,"LISTA_18_HOMBRES",22419,"18","18","18",1
28,"LISTA_18_MUJERES",22512,"18","18","18",2
28,"LISTA_18_NOBINARIO",0,"18","18","18",9
28,"LISTA_19_HOMBRES",29066,"19","19","19",1
28,"LISTA_19_MUJERES",28939,"19","19","19",2
28,"LISTA_19_NOBINARIO",0,"19","19","19",9
28,"LISTA_20_24_HOMBRES",156701,"2024","20","24",1
28,"LISTA_20_24_MUJERES",154649,"2024","20","24",2
28,"LISTA_20_24_NOBINARIO",1,"2024","20","24",9
28,"LISTA_25_29_HOMBRES",154990,"2529","25","29",1
28,"LISTA_25_29_MUJERES",151209,"2529","25","29",2
28,"LISTA_25_29_NOBINARIO",1,"2529","25","29",9
28,"LISTA_30_34_HOMBRES",145474,"3034","30","34",1
28,"LISTA_30_34_MUJERES",146081,"3034","30","34",2
28,"LISTA_30_34_NOBINARIO",0,"3034","30","34",9
28,"LISTA_35_39_HOMBRES",136411,"3539","35","39",1
28,"LISTA_35_39_MUJERES",138476,"3539","35","39",2
28,"LISTA_35_39_NOBINARIO",0,"3539","35","39",9
28,"LISTA_40_44_HOMBRES",132707,"4044","40","44",1
28,"LISTA_40_44_MUJERES",137703,"4044","40","44",2
28,"LISTA_40_44_NOBINARIO",0,"4044","40","44",9
28,"LISTA_45_49_HOMBRES",129560,"4549","45","49",1
28,"LISTA_45_49_MUJERES",136144,"4549","45","49",2
28,"LISTA_45_49_NOBINARIO",0,"4549","45","49",9
28,"LISTA_50_54_HOMBRES",122136,"5054","50","54",1
28,"LISTA_50_54_MUJERES",130406,"5054","50","54",2
28,"LISTA_50_54_NOBINARIO",0,"5054","50","54",9
28,"LISTA_55_59_HOMBRES",103406,"5559","55","59",1
28,"LISTA_55_59_MUJERES",112494,"5559","55","59",2
28,"LISTA_55_59_NOBINARIO",0,"5559","55","59",9
28,"LISTA_60_64_HOMBRES",84968,"6064","60","64",1
28,"LISTA_60_64_MUJERES",94728,"6064","60","64",2
28,"LISTA_60_64_NOBINARIO",0,"6064","60","64",9
28,"LISTA_65_Y_MAS_HOMBRES",180061,"65","65","100",1
28,"LISTA_65_Y_MAS_MUJERES",218015,"65","65","100",2
28,"LISTA_65_Y_MAS_NOBINARIO",0,"65","65","100",9
29,"LISTA_18_HOMBRES",9052,"18","18","18",1
29,"LISTA_18_MUJERES",8906,"18","18","18",2
29,"LISTA_18_NOBINARIO",0,"18","18","18",9
29,"LISTA_19_HOMBRES",12301,"19","19","19",1
29,"LISTA_19_MUJERES",12296,"19","19","19",2
29,"LISTA_19_NOBINARIO",0,"19","19","19",9
29,"LISTA_20_24_HOMBRES",65747,"2024","20","24",1
29,"LISTA_20_24_MUJERES",65429,"2024","20","24",2
29,"LISTA_20_24_NOBINARIO",1,"2024","20","24",9
29,"LISTA_25_29_HOMBRES",61608,"2529","25","29",1
29,"LISTA_25_29_MUJERES",62124,"2529","25","29",2
29,"LISTA_25_29_NOBINARIO",0,"2529","25","29",9
29,"LISTA_30_34_HOMBRES",56895,"3034","30","34",1
29,"LISTA_30_34_MUJERES",60162,"3034","30","34",2
29,"LISTA_30_34_NOBINARIO",0,"3034","30","34",9
29,"LISTA_35_39_HOMBRES",50435,"3539","35","39",1
29,"LISTA_35_39_MUJERES",55946,"3539","35","39",2
29,"LISTA_35_39_NOBINARIO",0,"3539","35","39",9
29,"LISTA_40_44_HOMBRES",47674,"4044","40","44",1
29,"LISTA_40_44_MUJERES",54946,"4044","40","44",2
29,"LISTA_40_44_NOBINARIO",0,"4044","40","44",9
29,"LISTA_45_49_HOMBRES",44507,"4549","45","49",1
29,"LISTA_45_49_MUJERES",51326,"4549","45","49",2
29,"LISTA_45_49_NOBINARIO",0,"4549","45","49",9
29,"LISTA_50_54_HOMBRES",38458,"5054","50","54",1
29,"LISTA_50_54_MUJERES",45034,"5054","50","54",2
29,"LISTA_50_54_NOBINARIO",0,"5054","50","54",9
29,"LISTA_55_59_HOMBRES",31567,"5559","55","59",1
29,"LISTA_55_59_MUJERES",37339,"5559","55","59",2
29,"LISTA_55_59_NOBINARIO",0,"5559","55","59",9
29,"LISTA_60_64_HOMBRES",25537,"6064","60","64",1
29,"LISTA_60_64_MUJERES",30338,"6064","60","64",2
29,"LISTA_60_64_NOBINARIO",0,"6064","60","64",9
29,"LISTA_65_Y_MAS_HOMBRES",53477,"65","65","100",1
29,"LISTA_65_Y_MAS_MUJERES",66147,"65","65","100",2
29,"LISTA_65_Y_MAS_NOBINARIO",0,"65","65","100",9
3,"LISTA_18_HOMBRES",4591,"18","18","18",1
3,"LISTA_18_MUJERES",4459,"18","18","18",2
3,"LISTA_18_NOBINARIO",0,"18","18","18",9
3,"LISTA_19_HOMBRES",6963,"19","19","19",1
3,"LISTA_19_MUJERES",6391,"19","19","19",2
3,"LISTA_19_NOBINARIO",0,"19","19","19",9
3,"LISTA_20_24_HOMBRES",36300,"2024","20","24",1
3,"LISTA_20_24_MUJERES",33919,"2024","20","24",2
3,"LISTA_20_24_NOBINARIO",0,"2024","20","24",9
3,"LISTA_25_29_HOMBRES",36856,"2529","25","29",1
3,"LISTA_25_29_MUJERES",34069,"2529","25","29",2
3,"LISTA_25_29_NOBINARIO",0,"2529","25","29",9
3,"LISTA_30_34_HOMBRES",38036,"3034","30","34",1
3,"LISTA_30_34_MUJERES",35473,"3034","30","34",2
3,"LISTA_30_34_NOBINARIO",0,"3034","30","34",9
3,"LISTA_35_39_HOMBRES",35500,"3539","35","39",1
3,"LISTA_35_39_MUJERES",33170,"3539","35","39",2
3,"LISTA_35_39_NOBINARIO",0,"3539","35","39",9
3,"LISTA_40_44_HOMBRES",33522,"4044","40","44",1
3,"LISTA_40_44_MUJERES",31123,"4044","40","44",2
3,"LISTA_40_44_NOBINARIO",0,"4044","40","44",9
3,"LISTA_45_49_HOMBRES",30168,"4549","45","49",1
3,"LISTA_45_49_MUJERES",28785,"4549","45","49",2
3,"LISTA_45_49_NOBINARIO",0,"4549","45","49",9
3,"LISTA_50_54_HOMBRES",26547,"5054","50","54",1
3,"LISTA_50_54_MUJERES",25134,"5054","50","54",2
3,"LISTA_50_54_NOBINARIO",0,"5054","50","54",9
3,"LISTA_55_59_HOMBRES",20566,"5559","55","59",1
3,"LISTA_55_59_MUJERES",20193,"5559","55","59",2
3,"LISTA_55_59_NOBINARIO",0,"5559","55","59",9
3,"LISTA_60_64_HOMBRES",16080,"6064","60","64",1
3,"LISTA_60_64_MUJERES",16465,"6064","60","64",2
3,"LISTA_60_64_NOBINARIO",0,"6064","60","64",9
3,"LISTA_65_Y_MAS_HOMBRES",28752,"65","65","100",1
3,"LISTA_65_Y_MAS_MUJERES",31448,"65","65","100",2
3,"LISTA_65_Y_MAS_NOBINARIO",0,"65","65","100",9
30,"LISTA_18_HOMBRES",42359,"18","18","18",1
30,"LISTA_18_MUJERES",43164,"18","18","18",2
30,"LISTA_18_NOBINARIO",0,"18","18","18",9
30,"LISTA_19_HOMBRES",60962,"19","19","19",1
30,"LISTA_19_MUJERES",61432,"19","19","19",2
30,"LISTA_19_NOBINARIO",1,"19","19","19",9
30,"LISTA_20_24_HOMBRES",334370,"2024","20","24",1
30,"LISTA_20_24_MUJERES",338572,"2024","20","24",2
30,"LISTA_20_24_NOBINARIO",1,"2024","20","24",9
30,"LISTA_25_29_HOMBRES",311998,"2529","25","29",1
30,"LISTA_25_29_MUJERES",323322,"2529","25","29",2
30,"LISTA_25_29_NOBINARIO",0,"2529","25","29",9
30,"LISTA_30_34_HOMBRES",293588,"3034","30","34",1
30,"LISTA_30_34_MUJERES",324420,"3034","30","34",2
30,"LISTA_30_34_NOBINARIO",1,"3034","30","34",9
30,"LISTA_35_39_HOMBRES",274034,"3539","35","39",1
30,"LISTA_35_39_MUJERES",308586,"3539","35","39",2
30,"LISTA_35_39_NOBINARIO",0,"3539","35","39",9
30,"LISTA_40_44_HOMBRES",262547,"4044","40","44",1
30,"LISTA_40_44_MUJERES",298585,"4044","40","44",2
30,"LISTA_40_44_NOBINARIO",0,"4044","40","44",9
30,"LISTA_45_49_HOMBRES",249133,"4549","45","49",1
30,"LISTA_45_49_MUJERES",288235,"4549","45","49",2
30,"LISTA_45_49_NOBINARIO",1,"4549","45","49",9
30,"LISTA_50_54_HOMBRES",239018,"5054","50","54",1
30,"LISTA_50_54_MUJERES",276583,"5054","50","54",2
30,"LISTA_50_54_NOBINARIO",0,"5054","50","54",9
30,"LISTA_55_59_HOMBRES",212922,"5559","55","59",1
30,"LISTA_55_59_MUJERES",246590,"5559","55","59",2
30,"LISTA_55_59_NOBINARIO",0,"5559","55","59",9
30,"LISTA_60_64_HOMBRES",182161,"6064","60","64",1
30,"LISTA_60_64_MUJERES",209655,"6064","60","64",2
30,"LISTA_60_64_NOBINARIO",0,"6064","60","64",9
30,"LISTA_65_Y_MAS_HOMBRES",421972,"65","65","100",1
30,"LISTA_65_Y_MAS_MUJERES",507063,"65","65","100",2
30,"LISTA_65_Y_MAS_NOBINARIO",0,"65","65","100",9
31,"LISTA_18_HOMBRES",13959,"18","18","18",1
31,"LISTA_18_MUJERES",14524,"18","18","18",2
31,"LISTA_18_NOBINARIO",0,"18","18","18",9
31,"LISTA_19_HOMBRES",18724,"19","19","19",1
31,"LISTA_19_MUJERES",18867,"19","19","19",2
31,"LISTA_19_NOBINARIO",0,"19","19","19",9
31,"LISTA_20_24_HOMBRES",100164,"2024","20","24",1
31,"LISTA_20_24_MUJERES",99518,"2024","20","24",2
31,"LISTA_20_24_NOBINARIO",0,"2024","20","24",9
31,"LISTA_25_29_HOMBRES",99003,"2529","25","29",1
31,"LISTA_25_29_MUJERES",97070,"2529","25","29",2
31,"LISTA_25_29_NOBINARIO",0,"2529","25","29",9
31,"LISTA_30_34_HOMBRES",97686,"3034","30","34",1
31,"LISTA_30_34_MUJERES",99478,"3034","30","34",2
31,"LISTA_30_34_NOBINARIO",0,"3034","30","34",9
31,"LISTA_35_39_HOMBRES",91174,"3539","35","39",1
31,"LISTA_35_39_MUJERES",94301,"3539","35","39",2
31,"LISTA_35_39_NOBINARIO",0,"3539","35","39",9
31,"LISTA_40_44_HOMBRES",84038,"4044","40","44",1
31,"LISTA_40_44_MUJERES",88212,"4044","40","44",2
31,"LISTA_40_44_NOBINARIO",0,"4044","40","44",9
31,"LISTA_45_49_HOMBRES",78594,"4549","45","49",1
31,"LISTA_45_49_MUJERES",84297,"4549","45","49",2
31,"LISTA_45_49_NOBINARIO",0,"4549","45","49",9
31,"LISTA_50_54_HOMBRES",68005,"5054","50","54",1
31,"LISTA_50_54_MUJERES",73949,"5054","50","54",2
31,"LISTA_50_54_NOBINARIO",0,"5054","50","54",9
31,"LISTA_55_59_HOMBRES",55254,"5559","55","59",1
31,"LISTA_55_59_MUJERES",61436,"5559","55","59",2
31,"LISTA_55_59_NOBINARIO",0,"5559","55","59",9
31,"LISTA_60_64_HOMBRES",45986,"6064","60","64",1
31,"LISTA_60_64_MUJERES",51857,"6064","60","64",2
31,"LISTA_60_64_NOBINARIO",0,"6064","60","64",9
31,"LISTA_65_Y_MAS_HOMBRES",108243,"65","65","100",1
31,"LISTA_65_Y_MAS_MUJERES",125517,"65","65","100",2
31,"LISTA_65_Y_MAS_NOBINARIO",0,"65","65","100",9
32,"LISTA_18_HOMBRES",9068,"18","18","18",1
32,"LISTA_18_MUJERES",9429,"18","18","18",2
32,"LISTA_18_NOBINARIO",0,"18","18","18",9
32,"LISTA_19_HOMBRES",12958,"19","19","19",1
32,"LISTA_19_MUJERES",13467,"19","19","19",2
32,"LISTA_19_NOBINARIO",0,"19","19","19",9
32,"LISTA_20_24_HOMBRES",69717,"2024","20","24",1
32,"LISTA_20_24_MUJERES",71809,"2024","20","24",2
32,"LISTA_20_24_NOBINARIO",0,"2024","20","24",9
32,"LISTA_25_29_HOMBRES",68559,"2529","25","29",1
32,"LISTA_25_29_MUJERES",70299,"2529","25","29",2
32,"LISTA_25_29_NOBINARIO",0,"2529","25","29",9
32,"LISTA_30_34_HOMBRES",62063,"3034","30","34",1
32,"LISTA_30_34_MUJERES",67719,"3034","30","34",2
32,"LISTA_30_34_NOBINARIO",0,"3034","30","34",9
32,"LISTA_35_39_HOMBRES",59498,"3539","35","39",1
32,"LISTA_35_39_MUJERES",65508,"3539","35","39",2
32,"LISTA_35_39_NOBINARIO",0,"3539","35","39",9
32,"LISTA_40_44_HOMBRES",54861,"4044","40","44",1
32,"LISTA_40_44_MUJERES",59667,"4044","40","44",2
32,"LISTA_40_44_NOBINARIO",0,"4044","40","44",9
32,"LISTA_45_49_HOMBRES",54464,"4549","45","49",1
32,"LISTA_45_49_MUJERES",59090,"4549","45","49",2
32,"LISTA_45_49_NOBINARIO",0,"4549","45","49",9
32,"LISTA_50_54_HOMBRES",52432,"5054","50","54",1
32,"LISTA_50_54_MUJERES",55542,"5054","50","54",2
32,"LISTA_50_54_NOBINARIO",0,"5054","50","54",9
32,"LISTA_55_59_HOMBRES",46878,"5559","55","59",1
32,"LISTA_55_59_MUJERES",50383,"5559","55","59",2
32,"LISTA_55_59_NOBINARIO",0,"5559","55","59",9
32,"LISTA_60_64_HOMBRES",38965,"6064","60","64",1
32,"LISTA_60_64_MUJERES",42491,"6064","60","64",2
32,"LISTA_60_64_NOBINARIO",0,"6064","60","64",9
32,"LISTA_65_Y_MAS_HOMBRES",94078,"65","65","100",1
32,"LISTA_65_Y_MAS_MUJERES",101166,"65","65","100",2
32,"LISTA_65_Y_MAS_NOBINARIO",0,"65","65","100",9
4,"LISTA_18_HOMBRES",5619,"18","18","18",1
4,"LISTA_18_MUJERES",5556,"18","18","18",2
4,"LISTA_18_NOBINARIO",0,"18","18","18",9
4,"LISTA_19_HOMBRES",7552,"19","19","19",1
4,"LISTA_19_MUJERES",7427,"19","19","19",2
4,"LISTA_19_NOBINARIO",0,"19","19","19",9
4,"LISTA_20_24_HOMBRES",39014,"2024","20","24",1
4,"LISTA_20_24_MUJERES",39028,"2024","20","24",2
4,"LISTA_20_24_NOBINARIO",0,"2024","20","24",9
4,"LISTA_25_29_HOMBRES",39309,"2529","25","29",1
4,"LISTA_25_29_MUJERES",39312,"2529","25","29",2
4,"LISTA_25_29_NOBINARIO",0,"2529","25","29",9
4,"LISTA_30_34_HOMBRES",38374,"3034","30","34",1
4,"LISTA_30_34_MUJERES",40164,"3034","30","34",2
4,"LISTA_30_34_NOBINARIO",0,"3034","30","34",9
4,"LISTA_35_39_HOMBRES",36360,"3539","35","39",1
4,"LISTA_35_39_MUJERES",38276,"3539","35","39",2
4,"LISTA_35_39_NOBINARIO",0,"3539","35","39",9
4,"LISTA_40_44_HOMBRES",33379,"4044","40","44",1
4,"LISTA_40_44_MUJERES",35909,"4044","40","44",2
4,"LISTA_40_44_NOBINARIO",0,"4044","40","44",9
4,"LISTA_45_49_HOMBRES",31280,"4549","45","49",1
4,"LISTA_45_49_MUJERES",33245,"4549","45","49",2
4,"LISTA_45_49_NOBINARIO",0,"4549","45","49",9
4,"LISTA_50_54_HOMBRES",27734,"5054","50","54",1
4,"LISTA_50_54_MUJERES",29115,"5054","50","54",2
4,"LISTA_50_54_NOBINARIO",0,"5054","50","54",9
4,"LISTA_55_59_HOMBRES",23179,"5559","55","59",1
4,"LISTA_55_59_MUJERES",24272,"5559","55","59",2
4,"LISTA_55_59_NOBINARIO",0,"5559","55","59",9
4,"LISTA_60_64_HOMBRES",18935,"6064","60","64",1
4,"LISTA_60_64_MUJERES",19994,"6064","60","64",2
4,"LISTA_60_64_NOBINARIO",0,"6064","60","64",9
4,"LISTA_65_Y_MAS_HOMBRES",39958,"65","65","100",1
4,"LISTA_65_Y_MAS_MUJERES",42980,"65","65","100",2
4,"LISTA_65_Y_MAS_NOBINARIO",0,"65","65","100",9
5,"LISTA_18_HOMBRES",21668,"18","18","18",1
5,"LISTA_18_MUJERES",21094,"18","18","18",2
5,"LISTA_18_NOBINARIO",0,"18","18","18",9
5,"LISTA_19_HOMBRES",26395,"19","19","19",1
5,"LISTA_19_MUJERES",25860,"19","19","19",2
5,"LISTA_19_NOBINARIO",0,"19","19","19",9
5,"LISTA_20_24_HOMBRES",144358,"2024","20","24",1
5,"LISTA_20_24_MUJERES",141123,"2024","20","24",2
5,"LISTA_20_24_NOBINARIO",0,"2024","20","24",9
5,"LISTA_25_29_HOMBRES",140223,"2529","25","29",1
5,"LISTA_25_29_MUJERES",136645,"2529","25","29",2
5,"LISTA_25_29_NOBINARIO",0,"2529","25","29",9
5,"LISTA_30_34_HOMBRES",130571,"3034","30","34",1
5,"LISTA_30_34_MUJERES",128442,"3034","30","34",2
5,"LISTA_30_34_NOBINARIO",0,"3034","30","34",9
5,"LISTA_35_39_HOMBRES",115780,"3539","35","39",1
5,"LISTA_35_39_MUJERES",115195,"3539","35","39",2
5,"LISTA_35_39_NOBINARIO",0,"3539","35","39",9
5,"LISTA_40_44_HOMBRES",111842,"4044","40","44",1
5,"LISTA_40_44_MUJERES",112140,"4044","40","44",2
5,"LISTA_40_44_NOBINARIO",0,"4044","40","44",9
5,"LISTA_45_49_HOMBRES",110699,"4549","45","49",1
5,"LISTA_45_49_MUJERES",114572,"4549","45","49",2
5,"LISTA_45_49_NOBINARIO",0,"4549","45","49",9
5,"LISTA_50_54_HOMBRES",102652,"5054","50","54",1
5,"LISTA_50_54_MUJERES",107898,"5054","50","54",2
5,"LISTA_50_54_NOBINARIO",0,"5054","50","54",9
5,"LISTA_55_59_HOMBRES",84281,"5559","55","59",1
5,"LISTA_55_59_MUJERES",90969,"5559","55","59",2
5,"LISTA_55_59_NOBINARIO",0,"5559","55","59",9
5,"LISTA_60_64_HOMBRES",69234,"6064","60","64",1
5,"LISTA_60_64_MUJERES",75832,"6064","60","64",2
5,"LISTA_60_64_NOBINARIO",0,"6064","60","64",9
5,"LISTA_65_Y_MAS_HOMBRES",136586,"65","65","100",1
5,"LISTA_65_Y_MAS_MUJERES",159810,"65","65","100",2
5,"LISTA_65_Y_MAS_NOBINARIO",0,"65","65","100",9
6,"LISTA_18_HOMBRES",4477,"18","18","18",1
6,"LISTA_18_MUJERES",4399,"18","18","18",2
6,"LISTA_18_NOBINARIO",0,"18","18","18",9
6,"LISTA_19_HOMBRES",6063,"19","19","19",1
6,"LISTA_19_MUJERES",6040,"19","19","19",2
6,"LISTA_19_NOBINARIO",0,"19","19","19",9
6,"LISTA_20_24_HOMBRES",31410,"2024","20","24",1
6,"LISTA_20_24_MUJERES",31103,"2024","20","24",2
6,"LISTA_20_24_NOBINARIO",0,"2024","20","24",9
6,"LISTA_25_29_HOMBRES",31231,"2529","25","29",1
6,"LISTA_25_29_MUJERES",31079,"2529","25","29",2
6,"LISTA_25_29_NOBINARIO",0,"2529","25","29",9
6,"LISTA_30_34_HOMBRES",30716,"3034","30","34",1
6,"LISTA_30_34_MUJERES",30962,"3034","30","34",2
6,"LISTA_30_34_NOBINARIO",0,"3034","30","34",9
6,"LISTA_35_39_HOMBRES",29143,"3539","35","39",1
6,"LISTA_35_39_MUJERES",30522,"3539","35","39",2
6,"LISTA_35_39_NOBINARIO",0,"3539","35","39",9
6,"LISTA_40_44_HOMBRES",26904,"4044","40","44",1
6,"LISTA_40_44_MUJERES",28330,"4044","40","44",2
6,"LISTA_40_44_NOBINARIO",0,"4044","40","44",9
6,"LISTA_45_49_HOMBRES",26083,"4549","45","49",1
6,"LISTA_45_49_MUJERES",27424,"4549","45","49",2
6,"LISTA_45_49_NOBINARIO",0,"4549","45","49",9
6,"LISTA_50_54_HOMBRES",24400,"5054","50","54",1
6,"LISTA_50_54_MUJERES",25917,"5054","50","54",2
6,"LISTA_50_54_NOBINARIO",0,"5054","50","54",9
6,"LISTA_55_59_HOMBRES",20839,"5559","55","59",1
6,"LISTA_55_59_MUJERES",22560,"5559","55","59",2
6,"LISTA_55_59_NOBINARIO",0,"5559","55","59",9
6,"LISTA_60_64_HOMBRES",18255,"6064","60","64",1
6,"LISTA_60_64_MUJERES",19664,"6064","60","64",2
6,"LISTA_60_64_NOBINARIO",0,"6064","60","64",9
6,"LISTA_65_Y_MAS_HOMBRES",38523,"65","65","100",1
6,"LISTA_65_Y_MAS_MUJERES",43832,"65","65","100",2
6,"LISTA_65_Y_MAS_NOBINARIO",0,"65","65","100",9
7,"LISTA_18_HOMBRES",27566,"18","18","18",1
7,"LISTA_18_MUJERES",28793,"18","18","18",2
7,"LISTA_18_NOBINARIO",0,"18","18","18",9
7,"LISTA_19_HOMBRES",46577,"19","19","19",1
7,"LISTA_19_MUJERES",49346,"19","19","19",2
7,"LISTA_19_NOBINARIO",0,"19","19","19",9
7,"LISTA_20_24_HOMBRES",266261,"2024","20","24",1
7,"LISTA_20_24_MUJERES",277205,"2024","20","24",2
7,"LISTA_20_24_NOBINARIO",0,"2024","20","24",9
7,"LISTA_25_29_HOMBRES",253864,"2529","25","29",1
7,"LISTA_25_29_MUJERES",265233,"2529","25","29",2
7,"LISTA_25_29_NOBINARIO",0,"2529","25","29",9
7,"LISTA_30_34_HOMBRES",227725,"3034","30","34",1
7,"LISTA_30_34_MUJERES",253009,"3034","30","34",2
7,"LISTA_30_34_NOBINARIO",0,"3034","30","34",9
7,"LISTA_35_39_HOMBRES",202782,"3539","35","39",1
7,"LISTA_35_39_MUJERES",225566,"3539","35","39",2
7,"LISTA_35_39_NOBINARIO",0,"3539","35","39",9
7,"LISTA_40_44_HOMBRES",183475,"4044","40","44",1
7,"LISTA_40_44_MUJERES",204755,"4044","40","44",2
7,"LISTA_40_44_NOBINARIO",0,"4044","40","44",9
7,"LISTA_45_49_HOMBRES",162629,"4549","45","49",1
7,"LISTA_45_49_MUJERES",179806,"4549","45","49",2
7,"LISTA_45_49_NOBINARIO",0,"4549","45","49",9
7,"LISTA_50_54_HOMBRES",138684,"5054","50","54",1
7,"LISTA_50_54_MUJERES",154672,"5054","50","54",2
7,"LISTA_50_54_NOBINARIO",0,"5054","50","54",9
7,"LISTA_55_59_HOMBRES",112939,"5559","55","59",1
7,"LISTA_55_59_MUJERES",125443,"5559","55","59",2
7,"LISTA_55_59_NOBINARIO",0,"5559","55","59",9
7,"LISTA_60_64_HOMBRES",94621,"6064","60","64",1
7,"LISTA_60_64_MUJERES",102438,"6064","60","64",2
7,"LISTA_60_64_NOBINARIO",0,"6064","60","64",9
7,"LISTA_65_Y_MAS_HOMBRES",209644,"65","65","100",1
7,"LISTA_65_Y_MAS_MUJERES",222656,"65","65","100",2
7,"LISTA_65_Y_MAS_NOBINARIO",0,"65","65","100",9
8,"LISTA_18_HOMBRES",25038,"18","18","18",1
8,"LISTA_18_MUJERES",25812,"18","18","18",2
8,"LISTA_18_NOBINARIO",0,"18","18","18",9
8,"LISTA_19_HOMBRES",32485,"19","19","19",1
8,"LISTA_19_MUJERES",32730,"19","19","19",2
8,"LISTA_19_NOBINARIO",0,"19","19","19",9
8,"LISTA_20_24_HOMBRES",176641,"2024","20","24",1
8,"LISTA_20_24_MUJERES",174481,"2024","20","24",2
8,"LISTA_20_24_NOBINARIO",2,"2024","20","24",9
8,"LISTA_25_29_HOMBRES",175183,"2529","25","29",1
8,"LISTA_25_29_MUJERES",172352,"2529","25","29",2
8,"LISTA_25_29_NOBINARIO",4,"2529","25","29",9
8,"LISTA_30_34_HOMBRES",167624,"3034","30","34",1
8,"LISTA_30_34_MUJERES",167561,"3034","30","34",2
8,"LISTA_30_34_NOBINARIO",1,"3034","30","34",9
8,"LISTA_35_39_HOMBRES",149434,"3539","35","39",1
8,"LISTA_35_39_MUJERES",150287,"3539","35","39",2
8,"LISTA_35_39_NOBINARIO",0,"3539","35","39",9
8,"LISTA_40_44_HOMBRES",140773,"4044","40","44",1
8,"LISTA_40_44_MUJERES",141078,"4044","40","44",2
8,"LISTA_40_44_NOBINARIO",0,"4044","40","44",9
8,"LISTA_45_49_HOMBRES",137121,"4549","45","49",1
8,"LISTA_45_49_MUJERES",140019,"4549","45","49",2
8,"LISTA_45_49_NOBINARIO",0,"4549","45","49",9
8,"LISTA_50_54_HOMBRES",134922,"5054","50","54",1
8,"LISTA_50_54_MUJERES",139500,"5054","50","54",2
8,"LISTA_50_54_NOBINARIO",0,"5054","50","54",9
8,"LISTA_55_59_HOMBRES",113995,"5559","55","59",1
8,"LISTA_55_59_MUJERES",121212,"5559","55","59",2
8,"LISTA_55_59_NOBINARIO",0,"5559","55","59",9
8,"LISTA_60_64_HOMBRES",91932,"6064","60","64",1
8,"LISTA_60_64_MUJERES",101373,"6064","60","64",2
8,"LISTA_60_64_NOBINARIO",0,"6064","60","64",9
8,"LISTA_65_Y_MAS_HOMBRES",180904,"65","65","100",1
8,"LISTA_65_Y_MAS_MUJERES",215653,"65","65","100",2
8,"LISTA_65_Y_MAS_NOBINARIO",0,"65","65","100",9
9,"LISTA_18_HOMBRES",50975,"18","18","18",1
9,"LISTA_18_MUJERES",50785,"18","18","18",2
9,"LISTA_18_NOBINARIO",3,"18","18","18",9
9,"LISTA_19_HOMBRES",68858,"19","19","19",1
9,"LISTA_19_MUJERES",67855,"19","19","19",2
9,"LISTA_19_NOBINARIO",1,"19","19","19",9
9,"LISTA_20_24_HOMBRES",374114,"2024","20","24",1
9,"LISTA_20_24_MUJERES",370551,"2024","20","24",2
9,"LISTA_20_24_NOBINARIO",8,"2024","20","24",9
9,"LISTA_25_29_HOMBRES",393654,"2529","25","29",1
9,"LISTA_25_29_MUJERES",393174,"2529","25","29",2
9,"LISTA_25_29_NOBINARIO",11,"2529","25","29",9
9,"LISTA_30_34_HOMBRES",407244,"3034","30","34",1
9,"LISTA_30_34_MUJERES",415529,"3034","30","34",2
9,"LISTA_30_34_NOBINARIO",5,"3034","30","34",9
9,"LISTA_35_39_HOMBRES",379625,"3539","35","39",1
9,"LISTA_35_39_MUJERES",398405,"3539","35","39",2
9,"LISTA_35_39_NOBINARIO",2,"3539","35","39",9
9,"LISTA_40_44_HOMBRES",356419,"4044","40","44",1
9,"LISTA_40_44_MUJERES",384889,"4044","40","44",2
9,"LISTA_40_44_NOBINARIO",0,"4044","40","44",9
9,"LISTA_45_49_HOMBRES",339517,"4549","45","49",1
9,"LISTA_45_49_MUJERES",378893,"4549","45","49",2
9,"LISTA_45_49_NOBINARIO",2,"4549","45","49",9
9,"LISTA_50_54_HOMBRES",338714,"5054","50","54",1
9,"LISTA_50_54_MUJERES",388749,"5054","50","54",2
9,"LISTA_50_54_NOBINARIO",0,"5054","50","54",9
9,"LISTA_55_59_HOMBRES",285143,"5559","55","59",1
9,"LISTA_55_59_MUJERES",338866,"5559","55","59",2
9,"LISTA_55_59_NOBINARIO",0,"5559","55","59",9
9,"LISTA_60_64_HOMBRES",247524,"6064","60","64",1
9,"LISTA_60_64_MUJERES",304930,"6064","60","64",2
9,"LISTA_60_64_NOBINARIO",0,"6064","60","64",9
9,"LISTA_65_Y_MAS_HOMBRES",526855,"65","65","100",1
9,"LISTA_65_Y_MAS_MUJERES",743604,"65","65","100",2
9,"LISTA_65_Y_MAS_NOBINARIO",0,"65","65","100",9
